{
  "Ansi 6 Color" : {
    "Green Component" : 0.85882353782653809,
    "Red Component" : 0.54117649793624878,
    "Blue Component" : 0.70588237047195435
  },
  "Ansi 12 Color" : {
    "Green Component" : 0.68235296010971069,
    "Red Component" : 0.52549022436141968,
    "Blue Component" : 0.83921575546264648
  },
  "Tags" : [

  ],
  "Use Non-ASCII Font" : false,
  "Normal Font" : "Monaco 14",
  "Bold Color" : {
    "Green Component" : 0.89919352531433105,
    "Red Component" : 0.89919352531433105,
    "Blue Component" : 0.89919352531433105
  },
  "Ansi 3 Color" : {
    "Green Component" : 0.68627452850341797,
    "Red Component" : 0.84313726425170898,
    "Blue Component" : 0.52941179275512695
  },
  "Ansi 4 Color" : {
    "Green Component" : 0.68235296010971069,
    "Red Component" : 0.52549022436141968,
    "Blue Component" : 0.83921575546264648
  },
  "Ansi 5 Color" : {
    "Green Component" : 0.68235296010971069,
    "Red Component" : 0.83921575546264648,
    "Blue Component" : 0.83921575546264648
  },
  "Default Bookmark" : "No",
  "Rows" : 25,
  "Cursor Guide Color" : {
    "Red Component" : 0.70213186740875244,
    "Color Space" : "sRGB",
    "Blue Component" : 1,
    "Alpha Component" : 0.25,
    "Green Component" : 0.9268307089805603
  },
  "Non-ASCII Anti Aliased" : true,
  "Use Bright Bold" : true,
  "Ansi 10 Color" : {
    "Green Component" : 0.83921575546264648,
    "Red Component" : 0.68235296010971069,
    "Blue Component" : 0.52549022436141968
  },
  "Ambiguous Double Width" : false,
  "Jobs to Ignore" : [
    "rlogin",
    "ssh",
    "slogin",
    "telnet",
    "bash"
  ],
  "Ansi 15 Color" : {
    "Green Component" : 0.93725490570068359,
    "Red Component" : 0.93725490570068359,
    "Blue Component" : 0.93725490570068359
  },
  "Foreground Color" : {
    "Green Component" : 0.81568628549575806,
    "Red Component" : 0.81568628549575806,
    "Blue Component" : 0.81568628549575806
  },
  "Working Directory" : "\/Users\/jonny",
  "Blinking Cursor" : false,
  "Disable Window Resizing" : true,
  "Prompt Before Closing 2" : 2,
  "Description" : "Default",
  "BM Growl" : true,
  "Command" : "",
  "Mouse Reporting" : true,
  "Sync Title" : false,
  "Screen" : -2,
  "Selection Color" : {
    "Green Component" : 0.30241936445236206,
    "Red Component" : 0.30241936445236206,
    "Blue Component" : 0.30241936445236206
  },
  "Columns" : 80,
  "Idle Code" : 0,
  "Only The Default BG Color Uses Transparency" : false,
  "Hide After Opening" : false,
  "Ansi 13 Color" : {
    "Green Component" : 0.68235296010971069,
    "Red Component" : 0.83921575546264648,
    "Blue Component" : 0.83921575546264648
  },
  "Custom Command" : "No",
  "ASCII Anti Aliased" : true,
  "Non Ascii Font" : "Monaco 12",
  "Background Color" : {
    "Green Component" : 0.14901961386203766,
    "Red Component" : 0.14901961386203766,
    "Blue Component" : 0.14901961386203766
  },
  "Use Bold Font" : true,
  "Option Key Sends" : 0,
  "Selected Text Color" : {
    "Green Component" : 1,
    "Red Component" : 1,
    "Blue Component" : 1
  },
  "Vertical Spacing" : 1,
  "Character Encoding" : 4,
  "Ansi 11 Color" : {
    "Green Component" : 0.78823530673980713,
    "Red Component" : 0.89411765336990356,
    "Blue Component" : 0.68627452850341797
  },
  "Use Italic Font" : true,
  "Unlimited Scrollback" : false,
  "Keyboard Map" : {
    "0xf700-0x260000" : {
      "Text" : "[1;6A",
      "Action" : 10
    },
    "0x37-0x40000" : {
      "Text" : "0x1f",
      "Action" : 11
    },
    "0x32-0x40000" : {
      "Text" : "0x00",
      "Action" : 11
    },
    "0xf709-0x20000" : {
      "Text" : "[17;2~",
      "Action" : 10
    },
    "0xf70c-0x20000" : {
      "Text" : "[20;2~",
      "Action" : 10
    },
    "0xf729-0x20000" : {
      "Text" : "[1;2H",
      "Action" : 10
    },
    "0xf72b-0x40000" : {
      "Text" : "[1;5F",
      "Action" : 10
    },
    "0xf705-0x20000" : {
      "Text" : "[1;2Q",
      "Action" : 10
    },
    "0xf703-0x260000" : {
      "Text" : "[1;6C",
      "Action" : 10
    },
    "0xf700-0x220000" : {
      "Text" : "[1;2A",
      "Action" : 10
    },
    "0xf701-0x280000" : {
      "Text" : "0x1b 0x1b 0x5b 0x42",
      "Action" : 11
    },
    "0x38-0x40000" : {
      "Text" : "0x7f",
      "Action" : 11
    },
    "0x33-0x40000" : {
      "Text" : "0x1b",
      "Action" : 11
    },
    "0xf703-0x220000" : {
      "Text" : "[1;2C",
      "Action" : 10
    },
    "0xf701-0x240000" : {
      "Text" : "[1;5B",
      "Action" : 10
    },
    "0xf70d-0x20000" : {
      "Text" : "[21;2~",
      "Action" : 10
    },
    "0xf702-0x260000" : {
      "Text" : "[1;6D",
      "Action" : 10
    },
    "0xf729-0x40000" : {
      "Text" : "[1;5H",
      "Action" : 10
    },
    "0xf706-0x20000" : {
      "Text" : "[1;2R",
      "Action" : 10
    },
    "0x34-0x40000" : {
      "Text" : "0x1c",
      "Action" : 11
    },
    "0xf700-0x280000" : {
      "Text" : "0x1b 0x1b 0x5b 0x41",
      "Action" : 11
    },
    "0x2d-0x40000" : {
      "Text" : "0x1f",
      "Action" : 11
    },
    "0xf70e-0x20000" : {
      "Text" : "[23;2~",
      "Action" : 10
    },
    "0xf702-0x220000" : {
      "Text" : "[1;2D",
      "Action" : 10
    },
    "0xf703-0x280000" : {
      "Text" : "0x1b 0x1b 0x5b 0x43",
      "Action" : 11
    },
    "0xf700-0x240000" : {
      "Text" : "[1;5A",
      "Action" : 10
    },
    "0xf707-0x20000" : {
      "Text" : "[1;2S",
      "Action" : 10
    },
    "0xf70a-0x20000" : {
      "Text" : "[18;2~",
      "Action" : 10
    },
    "0x35-0x40000" : {
      "Text" : "0x1d",
      "Action" : 11
    },
    "0xf70f-0x20000" : {
      "Text" : "[24;2~",
      "Action" : 10
    },
    "0xf703-0x240000" : {
      "Text" : "[1;5C",
      "Action" : 10
    },
    "0xf701-0x260000" : {
      "Text" : "[1;6B",
      "Action" : 10
    },
    "0xf702-0x280000" : {
      "Text" : "0x1b 0x1b 0x5b 0x44",
      "Action" : 11
    },
    "0xf72b-0x20000" : {
      "Text" : "[1;2F",
      "Action" : 10
    },
    "0x36-0x40000" : {
      "Text" : "0x1e",
      "Action" : 11
    },
    "0xf708-0x20000" : {
      "Text" : "[15;2~",
      "Action" : 10
    },
    "0xf701-0x220000" : {
      "Text" : "[1;2B",
      "Action" : 10
    },
    "0xf70b-0x20000" : {
      "Text" : "[19;2~",
      "Action" : 10
    },
    "0xf702-0x240000" : {
      "Text" : "[1;5D",
      "Action" : 10
    },
    "0xf704-0x20000" : {
      "Text" : "[1;2P",
      "Action" : 10
    }
  },
  "Window Type" : 12,
  "Blur Radius" : 6.4775836770304558,
  "Background Image Location" : "",
  "Blur" : true,
  "Badge Color" : {
    "Red Component" : 1,
    "Color Space" : "sRGB",
    "Blue Component" : 0,
    "Alpha Component" : 0.5,
    "Green Component" : 0.1491314172744751
  },
  "Allow Title Setting" : true,
  "Scrollback Lines" : 1000,
  "Send Code When Idle" : false,
  "Close Sessions On End" : true,
  "Terminal Type" : "xterm",
  "Visual Bell" : true,
  "Flashing Bell" : false,
  "Silence Bell" : true,
  "Ansi 14 Color" : {
    "Green Component" : 0.90588235855102539,
    "Red Component" : 0.69411766529083252,
    "Blue Component" : 0.86666667461395264
  },
  "Name" : "Default",
  "Cursor Text Color" : {
    "Green Component" : 0,
    "Red Component" : 0,
    "Blue Component" : 0
  },
  "Open Toolbelt" : false,
  "Shortcut" : "",
  "Cursor Color" : {
    "Green Component" : 0.78654336929321289,
    "Red Component" : 0.89265114068984985,
    "Blue Component" : 0.6852307915687561
  },
  "Transparency" : 0.029570510786802031,
  "Ansi 1 Color" : {
    "Green Component" : 0.52549022436141968,
    "Red Component" : 0.83921575546264648,
    "Blue Component" : 0.52549022436141968
  },
  "Ansi 2 Color" : {
    "Green Component" : 0.83921575546264648,
    "Red Component" : 0.68235296010971069,
    "Blue Component" : 0.52549022436141968
  },
  "Custom Directory" : "Recycle",
  "Ansi 0 Color" : {
    "Green Component" : 0.1098039299249649,
    "Red Component" : 0.1098039299249649,